{
    "metrics": {
        "http_req_failed": {
            "passes": 0,
            "fails": 12,
            "value": 0
        },
        "http_req_connecting": {
            "med": 0,
            "max": 22.534,
            "p(90)": 0,
            "p(95)": 10.14029999999999,
            "avg": 1.8778333333333332,
            "min": 0
        },
        "vus": {
            "value": 1,
            "min": 1,
            "max": 1
        },
        "vus_max": {
            "value": 1,
            "min": 1,
            "max": 1
        },
        "data_sent": {
            "count": 3494,
            "rate": 332.3479258550231
        },
        "iterations": {
            "count": 6,
            "rate": 0.5707176746222491
        },
        "http_reqs": {
            "count": 12,
            "rate": 1.1414353492444982
        },
        "http_req_duration{expected_response:true}": {
            "p(95)": 784.1147,
            "avg": 337.19258333333335,
            "min": 25.944,
            "med": 183.4025,
            "max": 812.652,
            "p(90)": 755.1931999999999
        },
        "http_req_tls_handshaking": {
            "max": 425.605,
            "p(90)": 0,
            "p(95)": 191.5222499999998,
            "avg": 35.467083333333335,
            "min": 0,
            "med": 0
        },
        "http_req_blocked": {
            "avg": 37.62508333333333,
            "min": 0.001,
            "med": 0.006999999999999999,
            "max": 451.42,
            "p(90)": 0.0195,
            "p(95)": 203.1499999999998
        },
        "http_req_sending": {
            "p(95)": 0.10385,
            "avg": 0.04641666666666667,
            "min": 0.014,
            "med": 0.0385,
            "max": 0.111,
            "p(90)": 0.09720000000000001
        },
        "http_req_waiting": {
            "avg": 337.0043333333333,
            "min": 25.869,
            "med": 183.1935,
            "max": 812.391,
            "p(90)": 755.0268000000001,
            "p(95)": 783.9109
        },
        "iteration_duration": {
            "p(90)": 1855.3050210000001,
            "p(95)": 1872.509094,
            "avg": 1751.674021,
            "min": 1577.546292,
            "med": 1795.0460835,
            "max": 1889.713167
        },
        "checks": {
            "passes": 12,
            "fails": 0,
            "value": 1
        },
        "http_req_duration": {
            "p(90)": 755.1931999999999,
            "p(95)": 784.1147,
            "avg": 337.19258333333335,
            "min": 25.944,
            "med": 183.4025,
            "max": 812.652,
            "thresholds": {
                "p(99)<1500": false
            }
        },
        "http_req_receiving": {
            "p(95)": 0.26325,
            "avg": 0.14183333333333334,
            "min": 0.043,
            "med": 0.1225,
            "max": 0.266,
            "p(90)": 0.258
        },
        "data_received": {
            "count": 8717,
            "rate": 829.157661613691
        }
    },
    "root_group": {
        "path": "",
        "id": "d41d8cd98f00b204e9800998ecf8427e",
        "groups": {},
        "checks": {
                "logged in successfully": {
                    "fails": 0,
                    "name": "logged in successfully",
                    "path": "::logged in successfully",
                    "id": "136f596a51a4e9d3ea26d90b7909acc4",
                    "passes": 6
                },
                "retrieved member": {
                    "fails": 0,
                    "name": "retrieved member",
                    "path": "::retrieved member",
                    "id": "0d47f9459173f23a15f272b8eb70ed75",
                    "passes": 6
                }
            },
        "name": ""
    }
}