{
    "metrics": {
        "vus": {
            "value": 1,
            "min": 1,
            "max": 1
        },
        "iterations": {
            "rate": 0.621540461396122,
            "count": 7
        },
        "http_req_waiting": {
            "min": 11.287,
            "med": 100.8135,
            "max": 534.488,
            "p(90)": 348.5169000000001,
            "p(95)": 436.19264999999996,
            "avg": 145.13889285714285
        },
        "data_sent": {
            "count": 8193,
            "rate": 727.4687143169182
        },
        "http_req_sending": {
            "max": 0.139,
            "p(90)": 0.09240000000000001,
            "p(95)": 0.11424999999999998,
            "avg": 0.06757142857142859,
            "min": 0.011,
            "med": 0.072
        },
        "vus_max": {
            "max": 1,
            "value": 1,
            "min": 1
        },
        "checks": {
            "passes": 28,
            "fails": 0,
            "value": 1
        },
        "http_req_duration{expected_response:true}": {
            "avg": 149.4705,
            "min": 11.592,
            "med": 105.6115,
            "max": 534.862,
            "p(90)": 348.8697000000001,
            "p(95)": 436.55355
        },
        "http_reqs": {
            "rate": 2.486161845584488,
            "count": 28
        },
        "http_req_receiving": {
            "avg": 4.264035714285716,
            "min": 0.029,
            "med": 0.2015,
            "max": 35.337,
            "p(90)": 14.8,
            "p(95)": 16.318299999999997
        },
        "http_req_duration": {
            "p(95)": 436.55355,
            "avg": 149.4705,
            "min": 11.592,
            "med": 105.6115,
            "max": 534.862,
            "p(90)": 348.8697000000001,
            "thresholds": {
                "p(99)<1500": false
            }
        },
        "http_req_blocked": {
            "avg": 1.1185357142857144,
            "min": 0.002,
            "med": 0.014499999999999999,
            "max": 30.92,
            "p(90)": 0.024200000000000003,
            "p(95)": 0.031549999999999995
        },
        "http_req_failed": {
            "passes": 0,
            "fails": 28,
            "value": 0
        },
        "data_received": {
            "count": 517402,
            "rate": 45940.8968296109
        },
        "iteration_duration": {
            "med": 1549.154041,
            "max": 1843.960917,
            "p(90)": 1780.631592,
            "p(95)": 1812.2962545,
            "avg": 1608.7766668571426,
            "min": 1434.260959
        },
        "http_req_connecting": {
            "avg": 0.2813928571428571,
            "min": 0,
            "med": 0,
            "max": 7.879,
            "p(90)": 0,
            "p(95)": 0
        },
        "http_req_tls_handshaking": {
            "avg": 0.7532500000000001,
            "min": 0,
            "med": 0,
            "max": 21.091,
            "p(90)": 0,
            "p(95)": 0
        }
    },
    "root_group": {
        "id": "d41d8cd98f00b204e9800998ecf8427e",
        "groups": {},
        "checks": {
                "logged in successfully": {
                    "name": "logged in successfully",
                    "path": "::logged in successfully",
                    "id": "136f596a51a4e9d3ea26d90b7909acc4",
                    "passes": 7,
                    "fails": 0
                },
                "retrieved member": {
                    "name": "retrieved member",
                    "path": "::retrieved member",
                    "id": "0d47f9459173f23a15f272b8eb70ed75",
                    "passes": 7,
                    "fails": 0
                },
                "retrieved stations": {
                    "path": "::retrieved stations",
                    "id": "4d33f4915fb09d2843b09435624dd0ff",
                    "passes": 7,
                    "fails": 0,
                    "name": "retrieved stations"
                },
                "retrieved path": {
                    "name": "retrieved path",
                    "path": "::retrieved path",
                    "id": "6a85296babd3c5b35a89a3355a59e726",
                    "passes": 7,
                    "fails": 0
                }
            },
        "name": "",
        "path": ""
    }
}